<?xml version="1.0" encoding="UTF-8"?>
<project-private xmlns="http://www.netbeans.org/ns/project-private/1">
    <editor-bookmarks xmlns="http://www.netbeans.org/ns/editor-bookmarks/2" lastBookmarkId="1">
        <file>
            <url>src/Services/TopicService.java</url>
            <bookmark id="1">
                <name/>
                <line>144</line>
                <key/>
            </bookmark>
        </file>
    </editor-bookmarks>
    <open-files xmlns="http://www.netbeans.org/ns/projectui-open-files/2">
        <group>
            <file>file:/Users/mac/NetBeansProjects/HuntKingdom/src/GUI/ShowPostController.java</file>
            <file>file:/Users/mac/NetBeansProjects/HuntKingdom/src/GUI/AddPostController.java</file>
            <file>file:/Users/mac/NetBeansProjects/HuntKingdom/src/GUI/MainProgram.java</file>
            <file>file:/Users/mac/NetBeansProjects/HuntKingdom/src/Models/Post.java</file>
            <file>file:/Users/mac/NetBeansProjects/HuntKingdom/src/GUI/ShowTopicController.java</file>
            <file>file:/Users/mac/NetBeansProjects/HuntKingdom/src/GUI/EditPostController.java</file>
        </group>
    </open-files>
</project-private>
