<?xml version="1.0" encoding="UTF-8"?>
<project-private xmlns="http://www.netbeans.org/ns/project-private/1">
    <editor-bookmarks xmlns="http://www.netbeans.org/ns/editor-bookmarks/2" lastBookmarkId="0"/>
    <open-files xmlns="http://www.netbeans.org/ns/projectui-open-files/2">
        <group>
            <file>file:/Users/mouradsmac/NetBeansProjects/jjj/src/application/application.css</file>
            <file>file:/Users/mouradsmac/NetBeansProjects/jjj/src/application/WindowController.java</file>
            <file>file:/Users/mouradsmac/NetBeansProjects/jjj/src/classes/Weather.java</file>
            <file>file:/Users/mouradsmac/NetBeansProjects/jjj/src/classes/WeatherManager.java</file>
            <file>file:/Users/mouradsmac/NetBeansProjects/jjj/src/application/Main.java</file>
        </group>
    </open-files>
</project-private>
