<?xml version="1.0" encoding="UTF-8"?>
<project-private xmlns="http://www.netbeans.org/ns/project-private/1">
    <editor-bookmarks xmlns="http://www.netbeans.org/ns/editor-bookmarks/1"/>
    <editor-bookmarks xmlns="http://www.netbeans.org/ns/editor-bookmarks/2" lastBookmarkId="0"/>
    <open-files xmlns="http://www.netbeans.org/ns/projectui-open-files/2">
        <group>
            <file>file:/Users/mouradsmac/Desktop/HuntKingdomForum/src/Services/EvenementService.java</file>
            <file>file:/Users/mouradsmac/Desktop/HuntKingdomForum/src/com/codename1/uikit/cleanmodern/OneEventForm.java</file>
            <file>file:/Users/mouradsmac/Desktop/HuntKingdomForum/src/com/codename1/uikit/cleanmodern/NewEventForm.java</file>
            <file>file:/Users/mouradsmac/Desktop/HuntKingdomForum/src/com/codename1/uikit/cleanmodern/EditEventForm.java</file>
            <file>file:/Users/mouradsmac/Desktop/HuntKingdomForum/src/com/codename1/uikit/cleanmodern/EventForm.java</file>
        </group>
    </open-files>
</project-private>
