<?xml version="1.0" encoding="UTF-8"?>
<project-private xmlns="http://www.netbeans.org/ns/project-private/1">
    <editor-bookmarks xmlns="http://www.netbeans.org/ns/editor-bookmarks/2" lastBookmarkId="1">
        <file>
            <url>src/Services/TopicService.java</url>
            <bookmark id="1">
                <name/>
                <line>145</line>
                <key/>
            </bookmark>
        </file>
    </editor-bookmarks>
    <open-files xmlns="http://www.netbeans.org/ns/projectui-open-files/2">
        <group>
            <file>file:/Users/mac/NetBeansProjects/HuntKingdomSirine/src/Services/PeriodeChasseService.java</file>
            <file>file:/Users/mac/NetBeansProjects/HuntKingdomSirine/src/Services/UserService.java</file>
            <file>file:/Users/mac/NetBeansProjects/HuntKingdomSirine/src/GUI/EditUserController.java</file>
            <file>file:/Users/mac/NetBeansProjects/HuntKingdomSirine/src/GUI/AddFeedPubController.java</file>
            <file>file:/Users/mac/NetBeansProjects/HuntKingdomSirine/src/GUI/ShowRendezvousController.java</file>
            <file>file:/Users/mac/NetBeansProjects/HuntKingdomSirine/src/Services/FeedService.java</file>
            <file>file:/Users/mac/NetBeansProjects/HuntKingdomSirine/src/GUI/ShowUserController.java</file>
            <file>file:/Users/mac/NetBeansProjects/HuntKingdomSirine/src/GUI/ShowFeedPubController.java</file>
            <file>file:/Users/mac/NetBeansProjects/HuntKingdomSirine/src/GUI/EditFrontController.java</file>
            <file>file:/Users/mac/NetBeansProjects/HuntKingdomSirine/src/Services/RendezvousService.java</file>
        </group>
    </open-files>
</project-private>
